"STATISTIC","Statistic Label","C02173V04143","Detailed Area of Residence","TLIST(Q1)","Quarter","UNIT","VALUE"
"TMQ12","Overseas Trips to Ireland","-","All trips to Ireland","20101","2010Q1","Thousand","1084.8"
"TMQ12","Overseas Trips to Ireland","-","All trips to Ireland","20102","2010Q2","Thousand","1541.4"
"TMQ12","Overseas Trips to Ireland","-","All trips to Ireland","20103","2010Q3","Thousand","1996.6"
"TMQ12","Overseas Trips to Ireland","-","All trips to Ireland","20104","2010Q4","Thousand","1414.3"
"TMQ12","Overseas Trips to Ireland","-","All trips to Ireland","20111","2011Q1","Thousand","1178.8"
"TMQ12","Overseas Trips to Ireland","-","All trips to Ireland","20112","2011Q2","Thousand","1805"
"TMQ12","Overseas Trips to Ireland","-","All trips to Ireland","20113","2011Q3","Thousand","2151.7"
"TMQ12","Overseas Trips to Ireland","-","All trips to Ireland","20114","2011Q4","Thousand","1369.7"
"TMQ12","Overseas Trips to Ireland","-","All trips to Ireland","20121","2012Q1","Thousand","1165.1"
"TMQ12","Overseas Trips to Ireland","-","All trips to Ireland","20122","2012Q2","Thousand","1817.3"
"TMQ12","Overseas Trips to Ireland","-","All trips to Ireland","20123","2012Q3","Thousand","2096.7"
"TMQ12","Overseas Trips to Ireland","-","All trips to Ireland","20124","2012Q4","Thousand","1438"
"TMQ12","Overseas Trips to Ireland","-","All trips to Ireland","20131","2013Q1","Thousand","1251.7"
"TMQ12","Overseas Trips to Ireland","-","All trips to Ireland","20132","2013Q2","Thousand","1893"
"TMQ12","Overseas Trips to Ireland","-","All trips to Ireland","20133","2013Q3","Thousand","2261"
"TMQ12","Overseas Trips to Ireland","-","All trips to Ireland","20134","2013Q4","Thousand","1580.1"
"TMQ12","Overseas Trips to Ireland","-","All trips to Ireland","20141","2014Q1","Thousand","1342.5"
"TMQ12","Overseas Trips to Ireland","-","All trips to Ireland","20142","2014Q2","Thousand","2126.6"
"TMQ12","Overseas Trips to Ireland","-","All trips to Ireland","20143","2014Q3","Thousand","2440.4"
"TMQ12","Overseas Trips to Ireland","-","All trips to Ireland","20144","2014Q4","Thousand","1694.9"
"TMQ12","Overseas Trips to Ireland","-","All trips to Ireland","20151","2015Q1","Thousand","1531.3"
"TMQ12","Overseas Trips to Ireland","-","All trips to Ireland","20152","2015Q2","Thousand","2344.9"
"TMQ12","Overseas Trips to Ireland","-","All trips to Ireland","20153","2015Q3","Thousand","2770.9"
"TMQ12","Overseas Trips to Ireland","-","All trips to Ireland","20154","2015Q4","Thousand","1995.9"
"TMQ12","Overseas Trips to Ireland","-","All trips to Ireland","20161","2016Q1","Thousand","1784.7"
"TMQ12","Overseas Trips to Ireland","-","All trips to Ireland","20162","2016Q2","Thousand","2598.9"
"TMQ12","Overseas Trips to Ireland","-","All trips to Ireland","20163","2016Q3","Thousand","3061.5"
"TMQ12","Overseas Trips to Ireland","-","All trips to Ireland","20164","2016Q4","Thousand","2139.2"
"TMQ12","Overseas Trips to Ireland","-","All trips to Ireland","20171","2017Q1","Thousand","1796.1"
"TMQ12","Overseas Trips to Ireland","-","All trips to Ireland","20172","2017Q2","Thousand","2769.4"
"TMQ12","Overseas Trips to Ireland","-","All trips to Ireland","20173","2017Q3","Thousand","3095.6"
"TMQ12","Overseas Trips to Ireland","-","All trips to Ireland","20174","2017Q4","Thousand","2270.9"
"TMQ12","Overseas Trips to Ireland","-","All trips to Ireland","20181","2018Q1","Thousand","1920.7"
"TMQ12","Overseas Trips to Ireland","-","All trips to Ireland","20182","2018Q2","Thousand","2951.9"
"TMQ12","Overseas Trips to Ireland","-","All trips to Ireland","20183","2018Q3","Thousand","3330.9"
"TMQ12","Overseas Trips to Ireland","-","All trips to Ireland","20184","2018Q4","Thousand","2412.8"
"TMQ12","Overseas Trips to Ireland","-","All trips to Ireland","20191","2019Q1","Thousand","2026.7"
"TMQ12","Overseas Trips to Ireland","-","All trips to Ireland","20192","2019Q2","Thousand","3021.8"
"TMQ12","Overseas Trips to Ireland","-","All trips to Ireland","20193","2019Q3","Thousand","3334.4"
"TMQ12","Overseas Trips to Ireland","-","All trips to Ireland","20194","2019Q4","Thousand","2424.6"
"TMQ12","Overseas Trips to Ireland","DE","Germany","20101","2010Q1","Thousand","58.4"
"TMQ12","Overseas Trips to Ireland","DE","Germany","20102","2010Q2","Thousand","104.9"
"TMQ12","Overseas Trips to Ireland","DE","Germany","20103","2010Q3","Thousand","135.5"
"TMQ12","Overseas Trips to Ireland","DE","Germany","20104","2010Q4","Thousand","78.5"
"TMQ12","Overseas Trips to Ireland","DE","Germany","20111","2011Q1","Thousand","66.3"
"TMQ12","Overseas Trips to Ireland","DE","Germany","20112","2011Q2","Thousand","123.1"
"TMQ12","Overseas Trips to Ireland","DE","Germany","20113","2011Q3","Thousand","143"
"TMQ12","Overseas Trips to Ireland","DE","Germany","20114","2011Q4","Thousand","90.6"
"TMQ12","Overseas Trips to Ireland","DE","Germany","20121","2012Q1","Thousand","65.9"
"TMQ12","Overseas Trips to Ireland","DE","Germany","20122","2012Q2","Thousand","134.1"
"TMQ12","Overseas Trips to Ireland","DE","Germany","20123","2012Q3","Thousand","155.1"
"TMQ12","Overseas Trips to Ireland","DE","Germany","20124","2012Q4","Thousand","93.1"
"TMQ12","Overseas Trips to Ireland","DE","Germany","20131","2013Q1","Thousand","72.8"
"TMQ12","Overseas Trips to Ireland","DE","Germany","20132","2013Q2","Thousand","141"
"TMQ12","Overseas Trips to Ireland","DE","Germany","20133","2013Q3","Thousand","165.7"
"TMQ12","Overseas Trips to Ireland","DE","Germany","20134","2013Q4","Thousand","103.4"
"TMQ12","Overseas Trips to Ireland","DE","Germany","20141","2014Q1","Thousand","82.6"
"TMQ12","Overseas Trips to Ireland","DE","Germany","20142","2014Q2","Thousand","170.6"
"TMQ12","Overseas Trips to Ireland","DE","Germany","20143","2014Q3","Thousand","188.8"
"TMQ12","Overseas Trips to Ireland","DE","Germany","20144","2014Q4","Thousand","115.2"
"TMQ12","Overseas Trips to Ireland","DE","Germany","20151","2015Q1","Thousand","86.3"
"TMQ12","Overseas Trips to Ireland","DE","Germany","20152","2015Q2","Thousand","196.1"
"TMQ12","Overseas Trips to Ireland","DE","Germany","20153","2015Q3","Thousand","213.8"
"TMQ12","Overseas Trips to Ireland","DE","Germany","20154","2015Q4","Thousand","133.1"
"TMQ12","Overseas Trips to Ireland","DE","Germany","20161","2016Q1","Thousand","104.2"
"TMQ12","Overseas Trips to Ireland","DE","Germany","20162","2016Q2","Thousand","192.3"
"TMQ12","Overseas Trips to Ireland","DE","Germany","20163","2016Q3","Thousand","223"
"TMQ12","Overseas Trips to Ireland","DE","Germany","20164","2016Q4","Thousand","132.7"
"TMQ12","Overseas Trips to Ireland","DE","Germany","20171","2017Q1","Thousand","99.4"
"TMQ12","Overseas Trips to Ireland","DE","Germany","20172","2017Q2","Thousand","209.7"
"TMQ12","Overseas Trips to Ireland","DE","Germany","20173","2017Q3","Thousand","224.8"
"TMQ12","Overseas Trips to Ireland","DE","Germany","20174","2017Q4","Thousand","147.5"
"TMQ12","Overseas Trips to Ireland","DE","Germany","20181","2018Q1","Thousand","129.8"
"TMQ12","Overseas Trips to Ireland","DE","Germany","20182","2018Q2","Thousand","244.8"
"TMQ12","Overseas Trips to Ireland","DE","Germany","20183","2018Q3","Thousand","270.9"
"TMQ12","Overseas Trips to Ireland","DE","Germany","20184","2018Q4","Thousand","172.4"
"TMQ12","Overseas Trips to Ireland","DE","Germany","20191","2019Q1","Thousand","132.7"
"TMQ12","Overseas Trips to Ireland","DE","Germany","20192","2019Q2","Thousand","246.1"
"TMQ12","Overseas Trips to Ireland","DE","Germany","20193","2019Q3","Thousand","264"
"TMQ12","Overseas Trips to Ireland","DE","Germany","20194","2019Q4","Thousand","169.6"
"TMQ12","Overseas Trips to Ireland","ES","Spain","20101","2010Q1","Thousand","35.6"
"TMQ12","Overseas Trips to Ireland","ES","Spain","20102","2010Q2","Thousand","52.9"
"TMQ12","Overseas Trips to Ireland","ES","Spain","20103","2010Q3","Thousand","80"
"TMQ12","Overseas Trips to Ireland","ES","Spain","20104","2010Q4","Thousand","52.8"
"TMQ12","Overseas Trips to Ireland","ES","Spain","20111","2011Q1","Thousand","46.4"
"TMQ12","Overseas Trips to Ireland","ES","Spain","20112","2011Q2","Thousand","59.6"
"TMQ12","Overseas Trips to Ireland","ES","Spain","20113","2011Q3","Thousand","88.4"
"TMQ12","Overseas Trips to Ireland","ES","Spain","20114","2011Q4","Thousand","50.4"
"TMQ12","Overseas Trips to Ireland","ES","Spain","20121","2012Q1","Thousand","43.1"
"TMQ12","Overseas Trips to Ireland","ES","Spain","20122","2012Q2","Thousand","63.3"
"TMQ12","Overseas Trips to Ireland","ES","Spain","20123","2012Q3","Thousand","91.1"
"TMQ12","Overseas Trips to Ireland","ES","Spain","20124","2012Q4","Thousand","55.5"
"TMQ12","Overseas Trips to Ireland","ES","Spain","20131","2013Q1","Thousand","42.5"
"TMQ12","Overseas Trips to Ireland","ES","Spain","20132","2013Q2","Thousand","65.7"
"TMQ12","Overseas Trips to Ireland","ES","Spain","20133","2013Q3","Thousand","97.6"
"TMQ12","Overseas Trips to Ireland","ES","Spain","20134","2013Q4","Thousand","57.2"
"TMQ12","Overseas Trips to Ireland","ES","Spain","20141","2014Q1","Thousand","49.1"
"TMQ12","Overseas Trips to Ireland","ES","Spain","20142","2014Q2","Thousand","83.2"
"TMQ12","Overseas Trips to Ireland","ES","Spain","20143","2014Q3","Thousand","100.1"
"TMQ12","Overseas Trips to Ireland","ES","Spain","20144","2014Q4","Thousand","58.5"
"TMQ12","Overseas Trips to Ireland","ES","Spain","20151","2015Q1","Thousand","62.9"
"TMQ12","Overseas Trips to Ireland","ES","Spain","20152","2015Q2","Thousand","89.4"
"TMQ12","Overseas Trips to Ireland","ES","Spain","20153","2015Q3","Thousand","122"
"TMQ12","Overseas Trips to Ireland","ES","Spain","20154","2015Q4","Thousand","68.9"
"TMQ12","Overseas Trips to Ireland","ES","Spain","20161","2016Q1","Thousand","71.3"
"TMQ12","Overseas Trips to Ireland","ES","Spain","20162","2016Q2","Thousand","100.1"
"TMQ12","Overseas Trips to Ireland","ES","Spain","20163","2016Q3","Thousand","136.9"
"TMQ12","Overseas Trips to Ireland","ES","Spain","20164","2016Q4","Thousand","86.7"
"TMQ12","Overseas Trips to Ireland","ES","Spain","20171","2017Q1","Thousand","74.5"
"TMQ12","Overseas Trips to Ireland","ES","Spain","20172","2017Q2","Thousand","134.7"
"TMQ12","Overseas Trips to Ireland","ES","Spain","20173","2017Q3","Thousand","146.7"
"TMQ12","Overseas Trips to Ireland","ES","Spain","20174","2017Q4","Thousand","87.3"
"TMQ12","Overseas Trips to Ireland","ES","Spain","20181","2018Q1","Thousand","78.4"
"TMQ12","Overseas Trips to Ireland","ES","Spain","20182","2018Q2","Thousand","127"
"TMQ12","Overseas Trips to Ireland","ES","Spain","20183","2018Q3","Thousand","148.5"
"TMQ12","Overseas Trips to Ireland","ES","Spain","20184","2018Q4","Thousand","89.2"
"TMQ12","Overseas Trips to Ireland","ES","Spain","20191","2019Q1","Thousand","87.1"
"TMQ12","Overseas Trips to Ireland","ES","Spain","20192","2019Q2","Thousand","120"
"TMQ12","Overseas Trips to Ireland","ES","Spain","20193","2019Q3","Thousand","136.8"
"TMQ12","Overseas Trips to Ireland","ES","Spain","20194","2019Q4","Thousand","99.3"
"TMQ12","Overseas Trips to Ireland","FR","France","20101","2010Q1","Thousand","54"
"TMQ12","Overseas Trips to Ireland","FR","France","20102","2010Q2","Thousand","92.8"
"TMQ12","Overseas Trips to Ireland","FR","France","20103","2010Q3","Thousand","119.9"
"TMQ12","Overseas Trips to Ireland","FR","France","20104","2010Q4","Thousand","75.7"
"TMQ12","Overseas Trips to Ireland","FR","France","20111","2011Q1","Thousand","68.7"
"TMQ12","Overseas Trips to Ireland","FR","France","20112","2011Q2","Thousand","126.5"
"TMQ12","Overseas Trips to Ireland","FR","France","20113","2011Q3","Thousand","136.7"
"TMQ12","Overseas Trips to Ireland","FR","France","20114","2011Q4","Thousand","69.6"
"TMQ12","Overseas Trips to Ireland","FR","France","20121","2012Q1","Thousand","66.6"
"TMQ12","Overseas Trips to Ireland","FR","France","20122","2012Q2","Thousand","129"
"TMQ12","Overseas Trips to Ireland","FR","France","20123","2012Q3","Thousand","129.4"
"TMQ12","Overseas Trips to Ireland","FR","France","20124","2012Q4","Thousand","71.3"
"TMQ12","Overseas Trips to Ireland","FR","France","20131","2013Q1","Thousand","84.3"
"TMQ12","Overseas Trips to Ireland","FR","France","20132","2013Q2","Thousand","144.5"
"TMQ12","Overseas Trips to Ireland","FR","France","20133","2013Q3","Thousand","129.5"
"TMQ12","Overseas Trips to Ireland","FR","France","20134","2013Q4","Thousand","75.4"
"TMQ12","Overseas Trips to Ireland","FR","France","20141","2014Q1","Thousand","69.4"
"TMQ12","Overseas Trips to Ireland","FR","France","20142","2014Q2","Thousand","149"
"TMQ12","Overseas Trips to Ireland","FR","France","20143","2014Q3","Thousand","149.8"
"TMQ12","Overseas Trips to Ireland","FR","France","20144","2014Q4","Thousand","87.6"
"TMQ12","Overseas Trips to Ireland","FR","France","20151","2015Q1","Thousand","87.5"
"TMQ12","Overseas Trips to Ireland","FR","France","20152","2015Q2","Thousand","159.6"
"TMQ12","Overseas Trips to Ireland","FR","France","20153","2015Q3","Thousand","156.3"
"TMQ12","Overseas Trips to Ireland","FR","France","20154","2015Q4","Thousand","101.2"
"TMQ12","Overseas Trips to Ireland","FR","France","20161","2016Q1","Thousand","97.5"
"TMQ12","Overseas Trips to Ireland","FR","France","20162","2016Q2","Thousand","164.7"
"TMQ12","Overseas Trips to Ireland","FR","France","20163","2016Q3","Thousand","171.1"
"TMQ12","Overseas Trips to Ireland","FR","France","20164","2016Q4","Thousand","98.1"
"TMQ12","Overseas Trips to Ireland","FR","France","20171","2017Q1","Thousand","107.1"
"TMQ12","Overseas Trips to Ireland","FR","France","20172","2017Q2","Thousand","169.2"
"TMQ12","Overseas Trips to Ireland","FR","France","20173","2017Q3","Thousand","163.7"
"TMQ12","Overseas Trips to Ireland","FR","France","20174","2017Q4","Thousand","109.3"
"TMQ12","Overseas Trips to Ireland","FR","France","20181","2018Q1","Thousand","97.5"
"TMQ12","Overseas Trips to Ireland","FR","France","20182","2018Q2","Thousand","177.9"
"TMQ12","Overseas Trips to Ireland","FR","France","20183","2018Q3","Thousand","175.1"
"TMQ12","Overseas Trips to Ireland","FR","France","20184","2018Q4","Thousand","114.4"
"TMQ12","Overseas Trips to Ireland","FR","France","20191","2019Q1","Thousand","117.3"
"TMQ12","Overseas Trips to Ireland","FR","France","20192","2019Q2","Thousand","173"
"TMQ12","Overseas Trips to Ireland","FR","France","20193","2019Q3","Thousand","171.7"
"TMQ12","Overseas Trips to Ireland","FR","France","20194","2019Q4","Thousand","114.7"
"TMQ12","Overseas Trips to Ireland","IT","Italy","20101","2010Q1","Thousand","43.4"
"TMQ12","Overseas Trips to Ireland","IT","Italy","20102","2010Q2","Thousand","39.6"
"TMQ12","Overseas Trips to Ireland","IT","Italy","20103","2010Q3","Thousand","90.7"
"TMQ12","Overseas Trips to Ireland","IT","Italy","20104","2010Q4","Thousand","48.1"
"TMQ12","Overseas Trips to Ireland","IT","Italy","20111","2011Q1","Thousand","38"
"TMQ12","Overseas Trips to Ireland","IT","Italy","20112","2011Q2","Thousand","55.7"
"TMQ12","Overseas Trips to Ireland","IT","Italy","20113","2011Q3","Thousand","83.8"
"TMQ12","Overseas Trips to Ireland","IT","Italy","20114","2011Q4","Thousand","42.7"
"TMQ12","Overseas Trips to Ireland","IT","Italy","20121","2012Q1","Thousand","39.7"
"TMQ12","Overseas Trips to Ireland","IT","Italy","20122","2012Q2","Thousand","67.8"
"TMQ12","Overseas Trips to Ireland","IT","Italy","20123","2012Q3","Thousand","94.3"
"TMQ12","Overseas Trips to Ireland","IT","Italy","20124","2012Q4","Thousand","49.8"
"TMQ12","Overseas Trips to Ireland","IT","Italy","20131","2013Q1","Thousand","38.8"
"TMQ12","Overseas Trips to Ireland","IT","Italy","20132","2013Q2","Thousand","63.2"
"TMQ12","Overseas Trips to Ireland","IT","Italy","20133","2013Q3","Thousand","83.3"
"TMQ12","Overseas Trips to Ireland","IT","Italy","20134","2013Q4","Thousand","48.7"
"TMQ12","Overseas Trips to Ireland","IT","Italy","20141","2014Q1","Thousand","43.9"
"TMQ12","Overseas Trips to Ireland","IT","Italy","20142","2014Q2","Thousand","62.2"
"TMQ12","Overseas Trips to Ireland","IT","Italy","20143","2014Q3","Thousand","97.6"
"TMQ12","Overseas Trips to Ireland","IT","Italy","20144","2014Q4","Thousand","54.1"
"TMQ12","Overseas Trips to Ireland","IT","Italy","20151","2015Q1","Thousand","59.8"
"TMQ12","Overseas Trips to Ireland","IT","Italy","20152","2015Q2","Thousand","80.7"
"TMQ12","Overseas Trips to Ireland","IT","Italy","20153","2015Q3","Thousand","115.9"
"TMQ12","Overseas Trips to Ireland","IT","Italy","20154","2015Q4","Thousand","65.1"
"TMQ12","Overseas Trips to Ireland","IT","Italy","20161","2016Q1","Thousand","61.6"
"TMQ12","Overseas Trips to Ireland","IT","Italy","20162","2016Q2","Thousand","96"
"TMQ12","Overseas Trips to Ireland","IT","Italy","20163","2016Q3","Thousand","129.3"
"TMQ12","Overseas Trips to Ireland","IT","Italy","20164","2016Q4","Thousand","57.6"
"TMQ12","Overseas Trips to Ireland","IT","Italy","20171","2017Q1","Thousand","60.1"
"TMQ12","Overseas Trips to Ireland","IT","Italy","20172","2017Q2","Thousand","97.4"
"TMQ12","Overseas Trips to Ireland","IT","Italy","20173","2017Q3","Thousand","130.1"
"TMQ12","Overseas Trips to Ireland","IT","Italy","20174","2017Q4","Thousand","75.7"
"TMQ12","Overseas Trips to Ireland","IT","Italy","20181","2018Q1","Thousand","71.2"
"TMQ12","Overseas Trips to Ireland","IT","Italy","20182","2018Q2","Thousand","108.4"
"TMQ12","Overseas Trips to Ireland","IT","Italy","20183","2018Q3","Thousand","142.1"
"TMQ12","Overseas Trips to Ireland","IT","Italy","20184","2018Q4","Thousand","87.4"
"TMQ12","Overseas Trips to Ireland","IT","Italy","20191","2019Q1","Thousand","66.9"
"TMQ12","Overseas Trips to Ireland","IT","Italy","20192","2019Q2","Thousand","98.1"
"TMQ12","Overseas Trips to Ireland","IT","Italy","20193","2019Q3","Thousand","148.4"
"TMQ12","Overseas Trips to Ireland","IT","Italy","20194","2019Q4","Thousand","78.9"
"TMQ12","Overseas Trips to Ireland","USCA","USA and Canada","20101","2010Q1","Thousand","137.3"
"TMQ12","Overseas Trips to Ireland","USCA","USA and Canada","20102","2010Q2","Thousand","264"
"TMQ12","Overseas Trips to Ireland","USCA","USA and Canada","20103","2010Q3","Thousand","332.8"
"TMQ12","Overseas Trips to Ireland","USCA","USA and Canada","20104","2010Q4","Thousand","201.4"
"TMQ12","Overseas Trips to Ireland","USCA","USA and Canada","20111","2011Q1","Thousand","154.7"
"TMQ12","Overseas Trips to Ireland","USCA","USA and Canada","20112","2011Q2","Thousand","303.8"
"TMQ12","Overseas Trips to Ireland","USCA","USA and Canada","20113","2011Q3","Thousand","352.4"
"TMQ12","Overseas Trips to Ireland","USCA","USA and Canada","20114","2011Q4","Thousand","176.2"
"TMQ12","Overseas Trips to Ireland","USCA","USA and Canada","20121","2012Q1","Thousand","144.7"
"TMQ12","Overseas Trips to Ireland","USCA","USA and Canada","20122","2012Q2","Thousand","305.7"
"TMQ12","Overseas Trips to Ireland","USCA","USA and Canada","20123","2012Q3","Thousand","365.2"
"TMQ12","Overseas Trips to Ireland","USCA","USA and Canada","20124","2012Q4","Thousand","201.3"
"TMQ12","Overseas Trips to Ireland","USCA","USA and Canada","20131","2013Q1","Thousand","168.8"
"TMQ12","Overseas Trips to Ireland","USCA","USA and Canada","20132","2013Q2","Thousand","350.8"
"TMQ12","Overseas Trips to Ireland","USCA","USA and Canada","20133","2013Q3","Thousand","415"
"TMQ12","Overseas Trips to Ireland","USCA","USA and Canada","20134","2013Q4","Thousand","223.5"
"TMQ12","Overseas Trips to Ireland","USCA","USA and Canada","20141","2014Q1","Thousand","178.9"
"TMQ12","Overseas Trips to Ireland","USCA","USA and Canada","20142","2014Q2","Thousand","395.6"
"TMQ12","Overseas Trips to Ireland","USCA","USA and Canada","20143","2014Q3","Thousand","490"
"TMQ12","Overseas Trips to Ireland","USCA","USA and Canada","20144","2014Q4","Thousand","264.1"
"TMQ12","Overseas Trips to Ireland","USCA","USA and Canada","20151","2015Q1","Thousand","191.2"
"TMQ12","Overseas Trips to Ireland","USCA","USA and Canada","20152","2015Q2","Thousand","468.1"
"TMQ12","Overseas Trips to Ireland","USCA","USA and Canada","20153","2015Q3","Thousand","550.1"
"TMQ12","Overseas Trips to Ireland","USCA","USA and Canada","20154","2015Q4","Thousand","304.8"
"TMQ12","Overseas Trips to Ireland","USCA","USA and Canada","20161","2016Q1","Thousand","238.2"
"TMQ12","Overseas Trips to Ireland","USCA","USA and Canada","20162","2016Q2","Thousand","520.1"
"TMQ12","Overseas Trips to Ireland","USCA","USA and Canada","20163","2016Q3","Thousand","637.5"
"TMQ12","Overseas Trips to Ireland","USCA","USA and Canada","20164","2016Q4","Thousand","412.1"
"TMQ12","Overseas Trips to Ireland","USCA","USA and Canada","20171","2017Q1","Thousand","293.4"
"TMQ12","Overseas Trips to Ireland","USCA","USA and Canada","20172","2017Q2","Thousand","628.9"
"TMQ12","Overseas Trips to Ireland","USCA","USA and Canada","20173","2017Q3","Thousand","732.6"
"TMQ12","Overseas Trips to Ireland","USCA","USA and Canada","20174","2017Q4","Thousand","446.6"
"TMQ12","Overseas Trips to Ireland","USCA","USA and Canada","20181","2018Q1","Thousand","331.6"
"TMQ12","Overseas Trips to Ireland","USCA","USA and Canada","20182","2018Q2","Thousand","689.2"
"TMQ12","Overseas Trips to Ireland","USCA","USA and Canada","20183","2018Q3","Thousand","847.5"
"TMQ12","Overseas Trips to Ireland","USCA","USA and Canada","20184","2018Q4","Thousand","515.5"
"TMQ12","Overseas Trips to Ireland","USCA","USA and Canada","20191","2019Q1","Thousand","367.2"
"TMQ12","Overseas Trips to Ireland","USCA","USA and Canada","20192","2019Q2","Thousand","746.2"
"TMQ12","Overseas Trips to Ireland","USCA","USA and Canada","20193","2019Q3","Thousand","824.6"
"TMQ12","Overseas Trips to Ireland","USCA","USA and Canada","20194","2019Q4","Thousand","474.5"
"TMQ12","Overseas Trips to Ireland","XB","Great Britain","20101","2010Q1","Thousand","526.6"
"TMQ12","Overseas Trips to Ireland","XB","Great Britain","20102","2010Q2","Thousand","701.7"
"TMQ12","Overseas Trips to Ireland","XB","Great Britain","20103","2010Q3","Thousand","852.6"
"TMQ12","Overseas Trips to Ireland","XB","Great Britain","20104","2010Q4","Thousand","657.6"
"TMQ12","Overseas Trips to Ireland","XB","Great Britain","20111","2011Q1","Thousand","550.7"
"TMQ12","Overseas Trips to Ireland","XB","Great Britain","20112","2011Q2","Thousand","760.7"
"TMQ12","Overseas Trips to Ireland","XB","Great Britain","20113","2011Q3","Thousand","911.6"
"TMQ12","Overseas Trips to Ireland","XB","Great Britain","20114","2011Q4","Thousand","655.2"
"TMQ12","Overseas Trips to Ireland","XB","Great Britain","20121","2012Q1","Thousand","562.4"
"TMQ12","Overseas Trips to Ireland","XB","Great Britain","20122","2012Q2","Thousand","735.2"
"TMQ12","Overseas Trips to Ireland","XB","Great Britain","20123","2012Q3","Thousand","830.2"
"TMQ12","Overseas Trips to Ireland","XB","Great Britain","20124","2012Q4","Thousand","646.4"
"TMQ12","Overseas Trips to Ireland","XB","Great Britain","20131","2013Q1","Thousand","570.2"
"TMQ12","Overseas Trips to Ireland","XB","Great Britain","20132","2013Q2","Thousand","726.9"
"TMQ12","Overseas Trips to Ireland","XB","Great Britain","20133","2013Q3","Thousand","904.7"
"TMQ12","Overseas Trips to Ireland","XB","Great Britain","20134","2013Q4","Thousand","727.1"
"TMQ12","Overseas Trips to Ireland","XB","Great Britain","20141","2014Q1","Thousand","635.5"
"TMQ12","Overseas Trips to Ireland","XB","Great Britain","20142","2014Q2","Thousand","837.7"
"TMQ12","Overseas Trips to Ireland","XB","Great Britain","20143","2014Q3","Thousand","922.6"
"TMQ12","Overseas Trips to Ireland","XB","Great Britain","20144","2014Q4","Thousand","768.1"
"TMQ12","Overseas Trips to Ireland","XB","Great Britain","20151","2015Q1","Thousand","725.8"
"TMQ12","Overseas Trips to Ireland","XB","Great Britain","20152","2015Q2","Thousand","886.2"
"TMQ12","Overseas Trips to Ireland","XB","Great Britain","20153","2015Q3","Thousand","1050.4"
"TMQ12","Overseas Trips to Ireland","XB","Great Britain","20154","2015Q4","Thousand","884.5"
"TMQ12","Overseas Trips to Ireland","XB","Great Britain","20161","2016Q1","Thousand","851.4"
"TMQ12","Overseas Trips to Ireland","XB","Great Britain","20162","2016Q2","Thousand","1013.6"
"TMQ12","Overseas Trips to Ireland","XB","Great Britain","20163","2016Q3","Thousand","1148.5"
"TMQ12","Overseas Trips to Ireland","XB","Great Britain","20164","2016Q4","Thousand","910.6"
"TMQ12","Overseas Trips to Ireland","XB","Great Britain","20171","2017Q1","Thousand","796.1"
"TMQ12","Overseas Trips to Ireland","XB","Great Britain","20172","2017Q2","Thousand","949.2"
"TMQ12","Overseas Trips to Ireland","XB","Great Britain","20173","2017Q3","Thousand","1065.2"
"TMQ12","Overseas Trips to Ireland","XB","Great Britain","20174","2017Q4","Thousand","918.4"
"TMQ12","Overseas Trips to Ireland","XB","Great Britain","20181","2018Q1","Thousand","798.3"
"TMQ12","Overseas Trips to Ireland","XB","Great Britain","20182","2018Q2","Thousand","987.9"
"TMQ12","Overseas Trips to Ireland","XB","Great Britain","20183","2018Q3","Thousand","1055.9"
"TMQ12","Overseas Trips to Ireland","XB","Great Britain","20184","2018Q4","Thousand","917"
"TMQ12","Overseas Trips to Ireland","XB","Great Britain","20191","2019Q1","Thousand","809.1"
"TMQ12","Overseas Trips to Ireland","XB","Great Britain","20192","2019Q2","Thousand","985.2"
"TMQ12","Overseas Trips to Ireland","XB","Great Britain","20193","2019Q3","Thousand","1065"
"TMQ12","Overseas Trips to Ireland","XB","Great Britain","20194","2019Q4","Thousand","928.3"
"TMQ12","Overseas Trips to Ireland","ZZAD015","Australia, New Zealand and Other Oceania","20101","2010Q1","Thousand","19.2"
"TMQ12","Overseas Trips to Ireland","ZZAD015","Australia, New Zealand and Other Oceania","20102","2010Q2","Thousand","33.1"
"TMQ12","Overseas Trips to Ireland","ZZAD015","Australia, New Zealand and Other Oceania","20103","2010Q3","Thousand","49.9"
"TMQ12","Overseas Trips to Ireland","ZZAD015","Australia, New Zealand and Other Oceania","20104","2010Q4","Thousand","33.1"
"TMQ12","Overseas Trips to Ireland","ZZAD015","Australia, New Zealand and Other Oceania","20111","2011Q1","Thousand","21.4"
"TMQ12","Overseas Trips to Ireland","ZZAD015","Australia, New Zealand and Other Oceania","20112","2011Q2","Thousand","38.2"
"TMQ12","Overseas Trips to Ireland","ZZAD015","Australia, New Zealand and Other Oceania","20113","2011Q3","Thousand","54.6"
"TMQ12","Overseas Trips to Ireland","ZZAD015","Australia, New Zealand and Other Oceania","20114","2011Q4","Thousand","26.9"
"TMQ12","Overseas Trips to Ireland","ZZAD015","Australia, New Zealand and Other Oceania","20121","2012Q1","Thousand","21.6"
"TMQ12","Overseas Trips to Ireland","ZZAD015","Australia, New Zealand and Other Oceania","20122","2012Q2","Thousand","43.3"
"TMQ12","Overseas Trips to Ireland","ZZAD015","Australia, New Zealand and Other Oceania","20123","2012Q3","Thousand","56.5"
"TMQ12","Overseas Trips to Ireland","ZZAD015","Australia, New Zealand and Other Oceania","20124","2012Q4","Thousand","34.3"
"TMQ12","Overseas Trips to Ireland","ZZAD015","Australia, New Zealand and Other Oceania","20131","2013Q1","Thousand","26.2"
"TMQ12","Overseas Trips to Ireland","ZZAD015","Australia, New Zealand and Other Oceania","20132","2013Q2","Thousand","49.3"
"TMQ12","Overseas Trips to Ireland","ZZAD015","Australia, New Zealand and Other Oceania","20133","2013Q3","Thousand","69.2"
"TMQ12","Overseas Trips to Ireland","ZZAD015","Australia, New Zealand and Other Oceania","20134","2013Q4","Thousand","43"
"TMQ12","Overseas Trips to Ireland","ZZAD015","Australia, New Zealand and Other Oceania","20141","2014Q1","Thousand","29.7"
"TMQ12","Overseas Trips to Ireland","ZZAD015","Australia, New Zealand and Other Oceania","20142","2014Q2","Thousand","51.6"
"TMQ12","Overseas Trips to Ireland","ZZAD015","Australia, New Zealand and Other Oceania","20143","2014Q3","Thousand","69.2"
"TMQ12","Overseas Trips to Ireland","ZZAD015","Australia, New Zealand and Other Oceania","20144","2014Q4","Thousand","39.5"
"TMQ12","Overseas Trips to Ireland","ZZAD015","Australia, New Zealand and Other Oceania","20151","2015Q1","Thousand","31.1"
"TMQ12","Overseas Trips to Ireland","ZZAD015","Australia, New Zealand and Other Oceania","20152","2015Q2","Thousand","54.9"
"TMQ12","Overseas Trips to Ireland","ZZAD015","Australia, New Zealand and Other Oceania","20153","2015Q3","Thousand","75.7"
"TMQ12","Overseas Trips to Ireland","ZZAD015","Australia, New Zealand and Other Oceania","20154","2015Q4","Thousand","45.9"
"TMQ12","Overseas Trips to Ireland","ZZAD015","Australia, New Zealand and Other Oceania","20161","2016Q1","Thousand","31.4"
"TMQ12","Overseas Trips to Ireland","ZZAD015","Australia, New Zealand and Other Oceania","20162","2016Q2","Thousand","51.1"
"TMQ12","Overseas Trips to Ireland","ZZAD015","Australia, New Zealand and Other Oceania","20163","2016Q3","Thousand","73.2"
"TMQ12","Overseas Trips to Ireland","ZZAD015","Australia, New Zealand and Other Oceania","20164","2016Q4","Thousand","48.7"
"TMQ12","Overseas Trips to Ireland","ZZAD015","Australia, New Zealand and Other Oceania","20171","2017Q1","Thousand","35"
"TMQ12","Overseas Trips to Ireland","ZZAD015","Australia, New Zealand and Other Oceania","20172","2017Q2","Thousand","54.3"
"TMQ12","Overseas Trips to Ireland","ZZAD015","Australia, New Zealand and Other Oceania","20173","2017Q3","Thousand","76.2"
"TMQ12","Overseas Trips to Ireland","ZZAD015","Australia, New Zealand and Other Oceania","20174","2017Q4","Thousand","43"
"TMQ12","Overseas Trips to Ireland","ZZAD015","Australia, New Zealand and Other Oceania","20181","2018Q1","Thousand","34.9"
"TMQ12","Overseas Trips to Ireland","ZZAD015","Australia, New Zealand and Other Oceania","20182","2018Q2","Thousand","58.5"
"TMQ12","Overseas Trips to Ireland","ZZAD015","Australia, New Zealand and Other Oceania","20183","2018Q3","Thousand","84.9"
"TMQ12","Overseas Trips to Ireland","ZZAD015","Australia, New Zealand and Other Oceania","20184","2018Q4","Thousand","50.1"
"TMQ12","Overseas Trips to Ireland","ZZAD015","Australia, New Zealand and Other Oceania","20191","2019Q1","Thousand","32.6"
"TMQ12","Overseas Trips to Ireland","ZZAD015","Australia, New Zealand and Other Oceania","20192","2019Q2","Thousand","58.5"
"TMQ12","Overseas Trips to Ireland","ZZAD015","Australia, New Zealand and Other Oceania","20193","2019Q3","Thousand","86.8"
"TMQ12","Overseas Trips to Ireland","ZZAD015","Australia, New Zealand and Other Oceania","20194","2019Q4","Thousand","46.8"
"TMQ12","Overseas Trips to Ireland","ZZAE1","Belgium, Netherlands and Luxembourg","20101","2010Q1","Thousand","35.5"
"TMQ12","Overseas Trips to Ireland","ZZAE1","Belgium, Netherlands and Luxembourg","20102","2010Q2","Thousand","49.2"
"TMQ12","Overseas Trips to Ireland","ZZAE1","Belgium, Netherlands and Luxembourg","20103","2010Q3","Thousand","64.5"
"TMQ12","Overseas Trips to Ireland","ZZAE1","Belgium, Netherlands and Luxembourg","20104","2010Q4","Thousand","51.1"
"TMQ12","Overseas Trips to Ireland","ZZAE1","Belgium, Netherlands and Luxembourg","20111","2011Q1","Thousand","47.5"
"TMQ12","Overseas Trips to Ireland","ZZAE1","Belgium, Netherlands and Luxembourg","20112","2011Q2","Thousand","59.6"
"TMQ12","Overseas Trips to Ireland","ZZAE1","Belgium, Netherlands and Luxembourg","20113","2011Q3","Thousand","71.5"
"TMQ12","Overseas Trips to Ireland","ZZAE1","Belgium, Netherlands and Luxembourg","20114","2011Q4","Thousand","56.4"
"TMQ12","Overseas Trips to Ireland","ZZAE1","Belgium, Netherlands and Luxembourg","20121","2012Q1","Thousand","44.9"
"TMQ12","Overseas Trips to Ireland","ZZAE1","Belgium, Netherlands and Luxembourg","20122","2012Q2","Thousand","68.9"
"TMQ12","Overseas Trips to Ireland","ZZAE1","Belgium, Netherlands and Luxembourg","20123","2012Q3","Thousand","68.6"
"TMQ12","Overseas Trips to Ireland","ZZAE1","Belgium, Netherlands and Luxembourg","20124","2012Q4","Thousand","54.8"
"TMQ12","Overseas Trips to Ireland","ZZAE1","Belgium, Netherlands and Luxembourg","20131","2013Q1","Thousand","49.4"
"TMQ12","Overseas Trips to Ireland","ZZAE1","Belgium, Netherlands and Luxembourg","20132","2013Q2","Thousand","76.4"
"TMQ12","Overseas Trips to Ireland","ZZAE1","Belgium, Netherlands and Luxembourg","20133","2013Q3","Thousand","76.6"
"TMQ12","Overseas Trips to Ireland","ZZAE1","Belgium, Netherlands and Luxembourg","20134","2013Q4","Thousand","62.5"
"TMQ12","Overseas Trips to Ireland","ZZAE1","Belgium, Netherlands and Luxembourg","20141","2014Q1","Thousand","52.6"
"TMQ12","Overseas Trips to Ireland","ZZAE1","Belgium, Netherlands and Luxembourg","20142","2014Q2","Thousand","74.7"
"TMQ12","Overseas Trips to Ireland","ZZAE1","Belgium, Netherlands and Luxembourg","20143","2014Q3","Thousand","84.4"
"TMQ12","Overseas Trips to Ireland","ZZAE1","Belgium, Netherlands and Luxembourg","20144","2014Q4","Thousand","63"
"TMQ12","Overseas Trips to Ireland","ZZAE1","Belgium, Netherlands and Luxembourg","20151","2015Q1","Thousand","60.8"
"TMQ12","Overseas Trips to Ireland","ZZAE1","Belgium, Netherlands and Luxembourg","20152","2015Q2","Thousand","80.2"
"TMQ12","Overseas Trips to Ireland","ZZAE1","Belgium, Netherlands and Luxembourg","20153","2015Q3","Thousand","95.8"
"TMQ12","Overseas Trips to Ireland","ZZAE1","Belgium, Netherlands and Luxembourg","20154","2015Q4","Thousand","89.2"
"TMQ12","Overseas Trips to Ireland","ZZAE1","Belgium, Netherlands and Luxembourg","20161","2016Q1","Thousand","79.8"
"TMQ12","Overseas Trips to Ireland","ZZAE1","Belgium, Netherlands and Luxembourg","20162","2016Q2","Thousand","100.8"
"TMQ12","Overseas Trips to Ireland","ZZAE1","Belgium, Netherlands and Luxembourg","20163","2016Q3","Thousand","120.6"
"TMQ12","Overseas Trips to Ireland","ZZAE1","Belgium, Netherlands and Luxembourg","20164","2016Q4","Thousand","83.1"
"TMQ12","Overseas Trips to Ireland","ZZAE1","Belgium, Netherlands and Luxembourg","20171","2017Q1","Thousand","78.9"
"TMQ12","Overseas Trips to Ireland","ZZAE1","Belgium, Netherlands and Luxembourg","20172","2017Q2","Thousand","108.9"
"TMQ12","Overseas Trips to Ireland","ZZAE1","Belgium, Netherlands and Luxembourg","20173","2017Q3","Thousand","110.8"
"TMQ12","Overseas Trips to Ireland","ZZAE1","Belgium, Netherlands and Luxembourg","20174","2017Q4","Thousand","93.3"
"TMQ12","Overseas Trips to Ireland","ZZAE1","Belgium, Netherlands and Luxembourg","20181","2018Q1","Thousand","78"
"TMQ12","Overseas Trips to Ireland","ZZAE1","Belgium, Netherlands and Luxembourg","20182","2018Q2","Thousand","115.3"
"TMQ12","Overseas Trips to Ireland","ZZAE1","Belgium, Netherlands and Luxembourg","20183","2018Q3","Thousand","114.7"
"TMQ12","Overseas Trips to Ireland","ZZAE1","Belgium, Netherlands and Luxembourg","20184","2018Q4","Thousand","98.3"
"TMQ12","Overseas Trips to Ireland","ZZAE1","Belgium, Netherlands and Luxembourg","20191","2019Q1","Thousand","80.9"
"TMQ12","Overseas Trips to Ireland","ZZAE1","Belgium, Netherlands and Luxembourg","20192","2019Q2","Thousand","112.5"
"TMQ12","Overseas Trips to Ireland","ZZAE1","Belgium, Netherlands and Luxembourg","20193","2019Q3","Thousand","110.1"
"TMQ12","Overseas Trips to Ireland","ZZAE1","Belgium, Netherlands and Luxembourg","20194","2019Q4","Thousand","95.7"
"TMQ12","Overseas Trips to Ireland","ZZAH1","Norway, Sweden, Finland and Denmark","20101","2010Q1","Thousand","25.5"
"TMQ12","Overseas Trips to Ireland","ZZAH1","Norway, Sweden, Finland and Denmark","20102","2010Q2","Thousand","41.4"
"TMQ12","Overseas Trips to Ireland","ZZAH1","Norway, Sweden, Finland and Denmark","20103","2010Q3","Thousand","55.8"
"TMQ12","Overseas Trips to Ireland","ZZAH1","Norway, Sweden, Finland and Denmark","20104","2010Q4","Thousand","41.8"
"TMQ12","Overseas Trips to Ireland","ZZAH1","Norway, Sweden, Finland and Denmark","20111","2011Q1","Thousand","31.4"
"TMQ12","Overseas Trips to Ireland","ZZAH1","Norway, Sweden, Finland and Denmark","20112","2011Q2","Thousand","50.8"
"TMQ12","Overseas Trips to Ireland","ZZAH1","Norway, Sweden, Finland and Denmark","20113","2011Q3","Thousand","58.4"
"TMQ12","Overseas Trips to Ireland","ZZAH1","Norway, Sweden, Finland and Denmark","20114","2011Q4","Thousand","41.1"
"TMQ12","Overseas Trips to Ireland","ZZAH1","Norway, Sweden, Finland and Denmark","20121","2012Q1","Thousand","30"
"TMQ12","Overseas Trips to Ireland","ZZAH1","Norway, Sweden, Finland and Denmark","20122","2012Q2","Thousand","57"
"TMQ12","Overseas Trips to Ireland","ZZAH1","Norway, Sweden, Finland and Denmark","20123","2012Q3","Thousand","58.4"
"TMQ12","Overseas Trips to Ireland","ZZAH1","Norway, Sweden, Finland and Denmark","20124","2012Q4","Thousand","45.6"
"TMQ12","Overseas Trips to Ireland","ZZAH1","Norway, Sweden, Finland and Denmark","20131","2013Q1","Thousand","39.2"
"TMQ12","Overseas Trips to Ireland","ZZAH1","Norway, Sweden, Finland and Denmark","20132","2013Q2","Thousand","59.3"
"TMQ12","Overseas Trips to Ireland","ZZAH1","Norway, Sweden, Finland and Denmark","20133","2013Q3","Thousand","65.8"
"TMQ12","Overseas Trips to Ireland","ZZAH1","Norway, Sweden, Finland and Denmark","20134","2013Q4","Thousand","45.2"
"TMQ12","Overseas Trips to Ireland","ZZAH1","Norway, Sweden, Finland and Denmark","20141","2014Q1","Thousand","35"
"TMQ12","Overseas Trips to Ireland","ZZAH1","Norway, Sweden, Finland and Denmark","20142","2014Q2","Thousand","64.2"
"TMQ12","Overseas Trips to Ireland","ZZAH1","Norway, Sweden, Finland and Denmark","20143","2014Q3","Thousand","58.2"
"TMQ12","Overseas Trips to Ireland","ZZAH1","Norway, Sweden, Finland and Denmark","20144","2014Q4","Thousand","42.9"
"TMQ12","Overseas Trips to Ireland","ZZAH1","Norway, Sweden, Finland and Denmark","20151","2015Q1","Thousand","35.8"
"TMQ12","Overseas Trips to Ireland","ZZAH1","Norway, Sweden, Finland and Denmark","20152","2015Q2","Thousand","68.5"
"TMQ12","Overseas Trips to Ireland","ZZAH1","Norway, Sweden, Finland and Denmark","20153","2015Q3","Thousand","69"
"TMQ12","Overseas Trips to Ireland","ZZAH1","Norway, Sweden, Finland and Denmark","20154","2015Q4","Thousand","60.6"
"TMQ12","Overseas Trips to Ireland","ZZAH1","Norway, Sweden, Finland and Denmark","20161","2016Q1","Thousand","44.6"
"TMQ12","Overseas Trips to Ireland","ZZAH1","Norway, Sweden, Finland and Denmark","20162","2016Q2","Thousand","62"
"TMQ12","Overseas Trips to Ireland","ZZAH1","Norway, Sweden, Finland and Denmark","20163","2016Q3","Thousand","65.7"
"TMQ12","Overseas Trips to Ireland","ZZAH1","Norway, Sweden, Finland and Denmark","20164","2016Q4","Thousand","50.8"
"TMQ12","Overseas Trips to Ireland","ZZAH1","Norway, Sweden, Finland and Denmark","20171","2017Q1","Thousand","37.6"
"TMQ12","Overseas Trips to Ireland","ZZAH1","Norway, Sweden, Finland and Denmark","20172","2017Q2","Thousand","75.8"
"TMQ12","Overseas Trips to Ireland","ZZAH1","Norway, Sweden, Finland and Denmark","20173","2017Q3","Thousand","75.5"
"TMQ12","Overseas Trips to Ireland","ZZAH1","Norway, Sweden, Finland and Denmark","20174","2017Q4","Thousand","64.2"
"TMQ12","Overseas Trips to Ireland","ZZAH1","Norway, Sweden, Finland and Denmark","20181","2018Q1","Thousand","47.7"
"TMQ12","Overseas Trips to Ireland","ZZAH1","Norway, Sweden, Finland and Denmark","20182","2018Q2","Thousand","77.3"
"TMQ12","Overseas Trips to Ireland","ZZAH1","Norway, Sweden, Finland and Denmark","20183","2018Q3","Thousand","77.3"
"TMQ12","Overseas Trips to Ireland","ZZAH1","Norway, Sweden, Finland and Denmark","20184","2018Q4","Thousand","56.9"
"TMQ12","Overseas Trips to Ireland","ZZAH1","Norway, Sweden, Finland and Denmark","20191","2019Q1","Thousand","47"
"TMQ12","Overseas Trips to Ireland","ZZAH1","Norway, Sweden, Finland and Denmark","20192","2019Q2","Thousand","69.2"
"TMQ12","Overseas Trips to Ireland","ZZAH1","Norway, Sweden, Finland and Denmark","20193","2019Q3","Thousand","74.1"
"TMQ12","Overseas Trips to Ireland","ZZAH1","Norway, Sweden, Finland and Denmark","20194","2019Q4","Thousand","62.5"
"TMQ12","Overseas Trips to Ireland","ZZEURQ19","Other Europe (29)","20101","2010Q1","Thousand","114.2"
"TMQ12","Overseas Trips to Ireland","ZZEURQ19","Other Europe (29)","20102","2010Q2","Thousand","119.7"
"TMQ12","Overseas Trips to Ireland","ZZEURQ19","Other Europe (29)","20103","2010Q3","Thousand","154.6"
"TMQ12","Overseas Trips to Ireland","ZZEURQ19","Other Europe (29)","20104","2010Q4","Thousand","129.3"
"TMQ12","Overseas Trips to Ireland","ZZEURQ19","Other Europe (29)","20111","2011Q1","Thousand","109.4"
"TMQ12","Overseas Trips to Ireland","ZZEURQ19","Other Europe (29)","20112","2011Q2","Thousand","172.3"
"TMQ12","Overseas Trips to Ireland","ZZEURQ19","Other Europe (29)","20113","2011Q3","Thousand","181.4"
"TMQ12","Overseas Trips to Ireland","ZZEURQ19","Other Europe (29)","20114","2011Q4","Thousand","114"
"TMQ12","Overseas Trips to Ireland","ZZEURQ19","Other Europe (29)","20121","2012Q1","Thousand","102.5"
"TMQ12","Overseas Trips to Ireland","ZZEURQ19","Other Europe (29)","20122","2012Q2","Thousand","152.3"
"TMQ12","Overseas Trips to Ireland","ZZEURQ19","Other Europe (29)","20123","2012Q3","Thousand","179.8"
"TMQ12","Overseas Trips to Ireland","ZZEURQ19","Other Europe (29)","20124","2012Q4","Thousand","135.3"
"TMQ12","Overseas Trips to Ireland","ZZEURQ19","Other Europe (29)","20131","2013Q1","Thousand","117"
"TMQ12","Overseas Trips to Ireland","ZZEURQ19","Other Europe (29)","20132","2013Q2","Thousand","155.2"
"TMQ12","Overseas Trips to Ireland","ZZEURQ19","Other Europe (29)","20133","2013Q3","Thousand","167.6"
"TMQ12","Overseas Trips to Ireland","ZZEURQ19","Other Europe (29)","20134","2013Q4","Thousand","135.2"
"TMQ12","Overseas Trips to Ireland","ZZEURQ19","Other Europe (29)","20141","2014Q1","Thousand","114.8"
"TMQ12","Overseas Trips to Ireland","ZZEURQ19","Other Europe (29)","20142","2014Q2","Thousand","166.8"
"TMQ12","Overseas Trips to Ireland","ZZEURQ19","Other Europe (29)","20143","2014Q3","Thousand","182.2"
"TMQ12","Overseas Trips to Ireland","ZZEURQ19","Other Europe (29)","20144","2014Q4","Thousand","137.8"
"TMQ12","Overseas Trips to Ireland","ZZEURQ19","Other Europe (29)","20151","2015Q1","Thousand","133"
"TMQ12","Overseas Trips to Ireland","ZZEURQ19","Other Europe (29)","20152","2015Q2","Thousand","176.5"
"TMQ12","Overseas Trips to Ireland","ZZEURQ19","Other Europe (29)","20153","2015Q3","Thousand","214.2"
"TMQ12","Overseas Trips to Ireland","ZZEURQ19","Other Europe (29)","20154","2015Q4","Thousand","161.2"
"TMQ12","Overseas Trips to Ireland","ZZEURQ19","Other Europe (29)","20161","2016Q1","Thousand","140.5"
"TMQ12","Overseas Trips to Ireland","ZZEURQ19","Other Europe (29)","20162","2016Q2","Thousand","212.6"
"TMQ12","Overseas Trips to Ireland","ZZEURQ19","Other Europe (29)","20163","2016Q3","Thousand","238.7"
"TMQ12","Overseas Trips to Ireland","ZZEURQ19","Other Europe (29)","20164","2016Q4","Thousand","179.7"
"TMQ12","Overseas Trips to Ireland","ZZEURQ19","Other Europe (29)","20171","2017Q1","Thousand","138.3"
"TMQ12","Overseas Trips to Ireland","ZZEURQ19","Other Europe (29)","20172","2017Q2","Thousand","226.4"
"TMQ12","Overseas Trips to Ireland","ZZEURQ19","Other Europe (29)","20173","2017Q3","Thousand","235.3"
"TMQ12","Overseas Trips to Ireland","ZZEURQ19","Other Europe (29)","20174","2017Q4","Thousand","200.2"
"TMQ12","Overseas Trips to Ireland","ZZEURQ19","Other Europe (29)","20181","2018Q1","Thousand","175.7"
"TMQ12","Overseas Trips to Ireland","ZZEURQ19","Other Europe (29)","20182","2018Q2","Thousand","253.8"
"TMQ12","Overseas Trips to Ireland","ZZEURQ19","Other Europe (29)","20183","2018Q3","Thousand","265"
"TMQ12","Overseas Trips to Ireland","ZZEURQ19","Other Europe (29)","20184","2018Q4","Thousand","218"
"TMQ12","Overseas Trips to Ireland","ZZEURQ19","Other Europe (29)","20191","2019Q1","Thousand","198.1"
"TMQ12","Overseas Trips to Ireland","ZZEURQ19","Other Europe (29)","20192","2019Q2","Thousand","285.9"
"TMQ12","Overseas Trips to Ireland","ZZEURQ19","Other Europe (29)","20193","2019Q3","Thousand","298.2"
"TMQ12","Overseas Trips to Ireland","ZZEURQ19","Other Europe (29)","20194","2019Q4","Thousand","251.3"
"TMQ12","Overseas Trips to Ireland","ZZWORX28","Other Areas  (28)","20101","2010Q1","Thousand",""
"TMQ12","Overseas Trips to Ireland","ZZWORX28","Other Areas  (28)","20102","2010Q2","Thousand",""
"TMQ12","Overseas Trips to Ireland","ZZWORX28","Other Areas  (28)","20103","2010Q3","Thousand",""
"TMQ12","Overseas Trips to Ireland","ZZWORX28","Other Areas  (28)","20104","2010Q4","Thousand",""
"TMQ12","Overseas Trips to Ireland","ZZWORX28","Other Areas  (28)","20111","2011Q1","Thousand",""
"TMQ12","Overseas Trips to Ireland","ZZWORX28","Other Areas  (28)","20112","2011Q2","Thousand",""
"TMQ12","Overseas Trips to Ireland","ZZWORX28","Other Areas  (28)","20113","2011Q3","Thousand","70"
"TMQ12","Overseas Trips to Ireland","ZZWORX28","Other Areas  (28)","20114","2011Q4","Thousand","46.6"
"TMQ12","Overseas Trips to Ireland","ZZWORX28","Other Areas  (28)","20121","2012Q1","Thousand","43.6"
"TMQ12","Overseas Trips to Ireland","ZZWORX28","Other Areas  (28)","20122","2012Q2","Thousand","60.7"
"TMQ12","Overseas Trips to Ireland","ZZWORX28","Other Areas  (28)","20123","2012Q3","Thousand","67.9"
"TMQ12","Overseas Trips to Ireland","ZZWORX28","Other Areas  (28)","20124","2012Q4","Thousand","50.7"
"TMQ12","Overseas Trips to Ireland","ZZWORX28","Other Areas  (28)","20131","2013Q1","Thousand","42.5"
"TMQ12","Overseas Trips to Ireland","ZZWORX28","Other Areas  (28)","20132","2013Q2","Thousand","60.8"
"TMQ12","Overseas Trips to Ireland","ZZWORX28","Other Areas  (28)","20133","2013Q3","Thousand","85.9"
"TMQ12","Overseas Trips to Ireland","ZZWORX28","Other Areas  (28)","20134","2013Q4","Thousand","59"
"TMQ12","Overseas Trips to Ireland","ZZWORX28","Other Areas  (28)","20141","2014Q1","Thousand","51"
"TMQ12","Overseas Trips to Ireland","ZZWORX28","Other Areas  (28)","20142","2014Q2","Thousand","71.1"
"TMQ12","Overseas Trips to Ireland","ZZWORX28","Other Areas  (28)","20143","2014Q3","Thousand","97.5"
"TMQ12","Overseas Trips to Ireland","ZZWORX28","Other Areas  (28)","20144","2014Q4","Thousand","64.3"
"TMQ12","Overseas Trips to Ireland","ZZWORX28","Other Areas  (28)","20151","2015Q1","Thousand","57.3"
"TMQ12","Overseas Trips to Ireland","ZZWORX28","Other Areas  (28)","20152","2015Q2","Thousand","84.8"
"TMQ12","Overseas Trips to Ireland","ZZWORX28","Other Areas  (28)","20153","2015Q3","Thousand","107.7"
"TMQ12","Overseas Trips to Ireland","ZZWORX28","Other Areas  (28)","20154","2015Q4","Thousand","81.3"
"TMQ12","Overseas Trips to Ireland","ZZWORX28","Other Areas  (28)","20161","2016Q1","Thousand","64.1"
"TMQ12","Overseas Trips to Ireland","ZZWORX28","Other Areas  (28)","20162","2016Q2","Thousand","85.5"
"TMQ12","Overseas Trips to Ireland","ZZWORX28","Other Areas  (28)","20163","2016Q3","Thousand","117"
"TMQ12","Overseas Trips to Ireland","ZZWORX28","Other Areas  (28)","20164","2016Q4","Thousand","79.1"
"TMQ12","Overseas Trips to Ireland","ZZWORX28","Other Areas  (28)","20171","2017Q1","Thousand","75.8"
"TMQ12","Overseas Trips to Ireland","ZZWORX28","Other Areas  (28)","20172","2017Q2","Thousand","115"
"TMQ12","Overseas Trips to Ireland","ZZWORX28","Other Areas  (28)","20173","2017Q3","Thousand","134.8"
"TMQ12","Overseas Trips to Ireland","ZZWORX28","Other Areas  (28)","20174","2017Q4","Thousand","85.2"
"TMQ12","Overseas Trips to Ireland","ZZWORX28","Other Areas  (28)","20181","2018Q1","Thousand","77.5"
"TMQ12","Overseas Trips to Ireland","ZZWORX28","Other Areas  (28)","20182","2018Q2","Thousand","111.9"
"TMQ12","Overseas Trips to Ireland","ZZWORX28","Other Areas  (28)","20183","2018Q3","Thousand","149.2"
"TMQ12","Overseas Trips to Ireland","ZZWORX28","Other Areas  (28)","20184","2018Q4","Thousand","93.7"
"TMQ12","Overseas Trips to Ireland","ZZWORX28","Other Areas  (28)","20191","2019Q1","Thousand","87.8"
"TMQ12","Overseas Trips to Ireland","ZZWORX28","Other Areas  (28)","20192","2019Q2","Thousand","127.1"
"TMQ12","Overseas Trips to Ireland","ZZWORX28","Other Areas  (28)","20193","2019Q3","Thousand","154.6"
"TMQ12","Overseas Trips to Ireland","ZZWORX28","Other Areas  (28)","20194","2019Q4","Thousand","103.1"
"TMQ12","Overseas Trips to Ireland","ZZWORX29","Other Areas (29)","20101","2010Q1","Thousand",""
"TMQ12","Overseas Trips to Ireland","ZZWORX29","Other Areas (29)","20102","2010Q2","Thousand",""
"TMQ12","Overseas Trips to Ireland","ZZWORX29","Other Areas (29)","20103","2010Q3","Thousand",""
"TMQ12","Overseas Trips to Ireland","ZZWORX29","Other Areas (29)","20104","2010Q4","Thousand","45"
"TMQ12","Overseas Trips to Ireland","ZZWORX29","Other Areas (29)","20111","2011Q1","Thousand","44.2"
"TMQ12","Overseas Trips to Ireland","ZZWORX29","Other Areas (29)","20112","2011Q2","Thousand","54.7"
"TMQ12","Overseas Trips to Ireland","ZZWORX29","Other Areas (29)","20113","2011Q3","Thousand",""
"TMQ12","Overseas Trips to Ireland","ZZWORX29","Other Areas (29)","20114","2011Q4","Thousand",""
"TMQ12","Overseas Trips to Ireland","ZZWORX29","Other Areas (29)","20121","2012Q1","Thousand",""
"TMQ12","Overseas Trips to Ireland","ZZWORX29","Other Areas (29)","20122","2012Q2","Thousand",""
"TMQ12","Overseas Trips to Ireland","ZZWORX29","Other Areas (29)","20123","2012Q3","Thousand",""
"TMQ12","Overseas Trips to Ireland","ZZWORX29","Other Areas (29)","20124","2012Q4","Thousand",""
"TMQ12","Overseas Trips to Ireland","ZZWORX29","Other Areas (29)","20131","2013Q1","Thousand",""
"TMQ12","Overseas Trips to Ireland","ZZWORX29","Other Areas (29)","20132","2013Q2","Thousand",""
"TMQ12","Overseas Trips to Ireland","ZZWORX29","Other Areas (29)","20133","2013Q3","Thousand",""
"TMQ12","Overseas Trips to Ireland","ZZWORX29","Other Areas (29)","20134","2013Q4","Thousand",""
"TMQ12","Overseas Trips to Ireland","ZZWORX29","Other Areas (29)","20141","2014Q1","Thousand",""
"TMQ12","Overseas Trips to Ireland","ZZWORX29","Other Areas (29)","20142","2014Q2","Thousand",""
"TMQ12","Overseas Trips to Ireland","ZZWORX29","Other Areas (29)","20143","2014Q3","Thousand",""
"TMQ12","Overseas Trips to Ireland","ZZWORX29","Other Areas (29)","20144","2014Q4","Thousand",""
"TMQ12","Overseas Trips to Ireland","ZZWORX29","Other Areas (29)","20151","2015Q1","Thousand",""
"TMQ12","Overseas Trips to Ireland","ZZWORX29","Other Areas (29)","20152","2015Q2","Thousand",""
"TMQ12","Overseas Trips to Ireland","ZZWORX29","Other Areas (29)","20153","2015Q3","Thousand",""
"TMQ12","Overseas Trips to Ireland","ZZWORX29","Other Areas (29)","20154","2015Q4","Thousand",""
"TMQ12","Overseas Trips to Ireland","ZZWORX29","Other Areas (29)","20161","2016Q1","Thousand",""
"TMQ12","Overseas Trips to Ireland","ZZWORX29","Other Areas (29)","20162","2016Q2","Thousand",""
"TMQ12","Overseas Trips to Ireland","ZZWORX29","Other Areas (29)","20163","2016Q3","Thousand",""
"TMQ12","Overseas Trips to Ireland","ZZWORX29","Other Areas (29)","20164","2016Q4","Thousand",""
"TMQ12","Overseas Trips to Ireland","ZZWORX29","Other Areas (29)","20171","2017Q1","Thousand",""
"TMQ12","Overseas Trips to Ireland","ZZWORX29","Other Areas (29)","20172","2017Q2","Thousand",""
"TMQ12","Overseas Trips to Ireland","ZZWORX29","Other Areas (29)","20173","2017Q3","Thousand",""
"TMQ12","Overseas Trips to Ireland","ZZWORX29","Other Areas (29)","20174","2017Q4","Thousand",""
"TMQ12","Overseas Trips to Ireland","ZZWORX29","Other Areas (29)","20181","2018Q1","Thousand",""
"TMQ12","Overseas Trips to Ireland","ZZWORX29","Other Areas (29)","20182","2018Q2","Thousand",""
"TMQ12","Overseas Trips to Ireland","ZZWORX29","Other Areas (29)","20183","2018Q3","Thousand",""
"TMQ12","Overseas Trips to Ireland","ZZWORX29","Other Areas (29)","20184","2018Q4","Thousand",""
"TMQ12","Overseas Trips to Ireland","ZZWORX29","Other Areas (29)","20191","2019Q1","Thousand",""
"TMQ12","Overseas Trips to Ireland","ZZWORX29","Other Areas (29)","20192","2019Q2","Thousand",""
"TMQ12","Overseas Trips to Ireland","ZZWORX29","Other Areas (29)","20193","2019Q3","Thousand",""
"TMQ12","Overseas Trips to Ireland","ZZWORX29","Other Areas (29)","20194","2019Q4","Thousand",""
"TMQ12","Overseas Trips to Ireland","ZZWORX30","Other Areas (30)","20101","2010Q1","Thousand","35.1"
"TMQ12","Overseas Trips to Ireland","ZZWORX30","Other Areas (30)","20102","2010Q2","Thousand","42.1"
"TMQ12","Overseas Trips to Ireland","ZZWORX30","Other Areas (30)","20103","2010Q3","Thousand","60.3"
"TMQ12","Overseas Trips to Ireland","ZZWORX30","Other Areas (30)","20104","2010Q4","Thousand",""
"TMQ12","Overseas Trips to Ireland","ZZWORX30","Other Areas (30)","20111","2011Q1","Thousand",""
"TMQ12","Overseas Trips to Ireland","ZZWORX30","Other Areas (30)","20112","2011Q2","Thousand",""
"TMQ12","Overseas Trips to Ireland","ZZWORX30","Other Areas (30)","20113","2011Q3","Thousand",""
"TMQ12","Overseas Trips to Ireland","ZZWORX30","Other Areas (30)","20114","2011Q4","Thousand",""
"TMQ12","Overseas Trips to Ireland","ZZWORX30","Other Areas (30)","20121","2012Q1","Thousand",""
"TMQ12","Overseas Trips to Ireland","ZZWORX30","Other Areas (30)","20122","2012Q2","Thousand",""
"TMQ12","Overseas Trips to Ireland","ZZWORX30","Other Areas (30)","20123","2012Q3","Thousand",""
"TMQ12","Overseas Trips to Ireland","ZZWORX30","Other Areas (30)","20124","2012Q4","Thousand",""
"TMQ12","Overseas Trips to Ireland","ZZWORX30","Other Areas (30)","20131","2013Q1","Thousand",""
"TMQ12","Overseas Trips to Ireland","ZZWORX30","Other Areas (30)","20132","2013Q2","Thousand",""
"TMQ12","Overseas Trips to Ireland","ZZWORX30","Other Areas (30)","20133","2013Q3","Thousand",""
"TMQ12","Overseas Trips to Ireland","ZZWORX30","Other Areas (30)","20134","2013Q4","Thousand",""
"TMQ12","Overseas Trips to Ireland","ZZWORX30","Other Areas (30)","20141","2014Q1","Thousand",""
"TMQ12","Overseas Trips to Ireland","ZZWORX30","Other Areas (30)","20142","2014Q2","Thousand",""
"TMQ12","Overseas Trips to Ireland","ZZWORX30","Other Areas (30)","20143","2014Q3","Thousand",""
"TMQ12","Overseas Trips to Ireland","ZZWORX30","Other Areas (30)","20144","2014Q4","Thousand",""
"TMQ12","Overseas Trips to Ireland","ZZWORX30","Other Areas (30)","20151","2015Q1","Thousand",""
"TMQ12","Overseas Trips to Ireland","ZZWORX30","Other Areas (30)","20152","2015Q2","Thousand",""
"TMQ12","Overseas Trips to Ireland","ZZWORX30","Other Areas (30)","20153","2015Q3","Thousand",""
"TMQ12","Overseas Trips to Ireland","ZZWORX30","Other Areas (30)","20154","2015Q4","Thousand",""
"TMQ12","Overseas Trips to Ireland","ZZWORX30","Other Areas (30)","20161","2016Q1","Thousand",""
"TMQ12","Overseas Trips to Ireland","ZZWORX30","Other Areas (30)","20162","2016Q2","Thousand",""
"TMQ12","Overseas Trips to Ireland","ZZWORX30","Other Areas (30)","20163","2016Q3","Thousand",""
"TMQ12","Overseas Trips to Ireland","ZZWORX30","Other Areas (30)","20164","2016Q4","Thousand",""
"TMQ12","Overseas Trips to Ireland","ZZWORX30","Other Areas (30)","20171","2017Q1","Thousand",""
"TMQ12","Overseas Trips to Ireland","ZZWORX30","Other Areas (30)","20172","2017Q2","Thousand",""
"TMQ12","Overseas Trips to Ireland","ZZWORX30","Other Areas (30)","20173","2017Q3","Thousand",""
"TMQ12","Overseas Trips to Ireland","ZZWORX30","Other Areas (30)","20174","2017Q4","Thousand",""
"TMQ12","Overseas Trips to Ireland","ZZWORX30","Other Areas (30)","20181","2018Q1","Thousand",""
"TMQ12","Overseas Trips to Ireland","ZZWORX30","Other Areas (30)","20182","2018Q2","Thousand",""
"TMQ12","Overseas Trips to Ireland","ZZWORX30","Other Areas (30)","20183","2018Q3","Thousand",""
"TMQ12","Overseas Trips to Ireland","ZZWORX30","Other Areas (30)","20184","2018Q4","Thousand",""
"TMQ12","Overseas Trips to Ireland","ZZWORX30","Other Areas (30)","20191","2019Q1","Thousand",""
"TMQ12","Overseas Trips to Ireland","ZZWORX30","Other Areas (30)","20192","2019Q2","Thousand",""
"TMQ12","Overseas Trips to Ireland","ZZWORX30","Other Areas (30)","20193","2019Q3","Thousand",""
"TMQ12","Overseas Trips to Ireland","ZZWORX30","Other Areas (30)","20194","2019Q4","Thousand",""
